"mean","sd","median","p95"
10.568,5.9194,9.6351,22.779
10.243,6.0027,9.0338,21.413
12.702,5.4881,12.009,22.908
15.894,9.4021,13.889,32.837
13.507,8.0132,11.669,29.012
11.668,5.8431,11.119,21.943
13.083,7.5873,11.421,27.044
9.7638,5.2342,9.1097,19.392
12.842,5.9183,12.032,23.847
11.15,6.8318,9.849,23.884
11.653,6.6105,10.543,23.606
12.189,6.5986,10.882,25.022
11.843,7.2567,10.731,25.513
12.898,6.9891,11.449,26.345
10.84,6.439,9.5567,24.389
11.107,6.0175,10.106,21.263
10.858,6.9293,9.5985,23.107
10.914,7.336,9.138,24.874
9.5756,6.9539,8.019,22.334
12.693,6.4254,11.872,24.612
11.418,5.6291,10.566,21.916
11.603,6.3322,10.321,23.648
13.813,9.1999,11.819,32.627
13.125,7.2025,11.495,26.637
12.338,5.783,11.6,23.174
11.382,5.804,10.424,22.821
10.704,5.6483,9.6455,21.663
11.406,6.0862,10.358,23.117
14.649,9.4675,12.35,32.745
16.684,13.02,12.908,42.743
15.144,8.4484,13.2,31.005
11.319,6.0537,9.9677,23.51
10.526,5.38,9.5772,21.476
12.689,7.3223,11.598,25.563
11.279,5.5924,10.618,20.875
12.821,7.5293,11.462,26.193
11.512,6.8812,10.125,25.38
11.856,8.0102,10.118,26.041
11.47,5.1156,10.793,21.415
13.066,8.2532,11.419,29.474
13.374,8.3489,11.998,28.12
12.713,7.789,11.1,28.168
12.07,8.6538,9.6777,28.894
10.562,6.106,9.5386,21.468
11.695,5.8521,10.667,22.457
11.115,6.607,9.8327,24.538
14.591,8.1337,13.142,29.745
11.608,7.634,9.8299,27.263
10.425,6.4688,9.0438,22.487
12.187,7.2911,10.53,25.25
10.828,6.2024,9.7517,22.916
12.464,7.8422,10.623,29.105
13.135,9.38,10.731,31.499
11.544,6.7788,10.324,22.92
14.614,9.8018,12.472,35.023
12.711,7.3015,11.65,25.367
14.047,8.404,12.218,28.944
13.686,8.3055,12.198,29.309
13.543,8.0013,12.242,28.131
11.847,7.6196,10.348,25.875
12.797,6.8515,11.465,25.608
9.617,5.6631,8.363,21.278
10.641,6.4645,9.5174,21.771
11.833,6,10.507,24.009
11.581,7.0475,9.8712,25.42
12.157,6.6967,11.033,24.329
12.427,6.8867,11.497,25.046
10.644,6.7423,9.2023,24.229
10.307,5.2715,9.2065,21.045
10.178,4.9284,9.5474,19.236
12.521,6.8643,11.494,24.619
10.808,5.7086,10.187,21.349
10.975,6.4993,9.5373,22.827
11.25,5.8063,10.076,22.35
11.171,5.6657,10.195,22.141
11.538,6.1671,10.415,24.096
12.387,7.1817,10.914,25.452
10.676,7.1632,9.1906,23.199
11.712,7.2244,9.9917,24.919
10.716,4.8769,10.055,19.451
11.399,6.8442,10.016,23.727
12.011,8.505,10.263,28.105
13.023,8.5432,11.086,30.124
11.323,6.4197,10.252,24.063
11.051,6.1169,10.056,23.979
11.781,6.7486,10.427,25.091
11.546,7.3313,10.171,26.1
10.17,6.1119,8.7222,21.296
10.808,6.1596,9.7034,22.345
11.307,5.8737,10.035,22.411
11.049,6.3454,9.8706,23.138
12.449,8.0421,10.89,27.615
12.729,6.6958,11.642,25.792
11.052,6.7279,9.6895,23.67
13.287,8.3342,11.597,29.675
11.198,6.3163,9.926,24.207
13.268,8.9259,11.208,31.577
12.064,6.3763,10.794,24.101
12.322,7.037,10.834,25.078
12.222,6.4726,11.055,24.921
11.897,7.6575,10.139,26.719
13.476,8.0992,11.831,29.379
12.838,9.3817,10.444,31.427
10.794,4.4462,10.269,18.742
11.146,5.8498,10.176,22.618
11.419,6.5408,10.409,23.831
10.869,5.7085,10.04,21.524
14.346,8.5628,12.838,31.219
10.057,5.1617,9.0367,20.045
10.157,7.4139,8.4265,24.811
12.945,8.56,10.948,29.621
10.644,6.0741,9.6151,22.049
13.235,6.4886,12.327,25.5
14.652,10.263,12.866,35.144
15.156,11,12.972,33.834
12.856,6.4645,11.426,23.964
11.365,5.8399,10.537,21.508
9.9658,4.9374,9.1346,19.238
10.823,5.268,9.9724,20.745
9.9958,5.3469,9.1464,19.291
12.36,8.3858,10.818,27.332
10.379,5.8319,9.3167,21.289
12.04,6.5835,11.063,24.234
13.596,7.9439,11.969,28.419
12.282,7.4086,10.818,26.551
10.74,5.1377,10.249,20.622
14.264,8.3021,12.918,29.881
13.749,8.5459,11.718,31.204
9.3849,4.3149,8.8609,16.692
12.172,5.4914,11.471,21.995
11.352,5.3086,10.758,20.695
11.966,6.9607,10.861,24.157
11.694,6.4921,10.187,24.694
12.158,7.3009,10.751,25.062
11.763,6.713,10.48,24.072
12.737,8.0529,11.214,28.483
12.489,7.9509,10.499,28.925
13.394,6.6641,12.29,26.222
9.8917,5.4697,8.8459,19.35
12.28,7.9002,10.377,27.973
12.183,5.7328,11.634,23.727
10.672,7.4216,9.0233,24.133
10.308,7.1963,8.6743,22.945
13.239,6.122,11.926,24.671
11.69,8.5493,9.4416,27.1
10.331,4.857,9.368,19.864
19.291,15.837,14.933,52.454
11.166,7.5228,9.5786,26.143
13.35,6.294,12.495,25.793
13.165,6.7169,11.92,25.709
12.467,7.4091,11.25,26.214
10.315,5.8531,9.7301,21.368
11.33,6.4611,10.217,23.073
11.964,6.3019,11.075,23.927
11.073,6.5355,9.6636,22.947
14.394,7.3159,13.255,27.752
11.434,4.8349,10.562,20.079
11.789,7.8739,10.203,26.97
11.07,8.3293,9.0106,26.709
14.391,6.7573,13.278,26.649
11.754,6.2696,10.818,23.012
12.152,7.171,10.575,25.896
10.416,5.9048,9.2807,21.4
12.608,7.0698,11.537,25.1
11.069,6.2987,10.128,24.321
10.187,5.3227,9.2593,19.521
11.458,6.7259,10.619,23.342
10.935,6.4294,9.8958,21.874
11.713,6.6332,10.36,25.331
12.797,7.0412,10.995,25.338
10.547,6.4049,9.4676,23.516
11.905,6.3721,10.763,24.773
10.258,9.1859,7.589,27.958
12.453,5.9714,11.66,22.831
11.003,7.4361,9.5453,24.458
10.343,5.4167,9.3387,20.192
9.8788,6.5689,8.4503,22.942
9.2823,6.0392,8.119,19.616
11.805,7.2245,10.904,25.808
14.852,7.9386,13.67,29.495
11.857,5.8727,10.612,23.458
12.51,6.4909,11.47,24.104
10.514,5.9176,9.1625,21.829
13.019,6.6991,11.584,26.548
11.917,6.7583,10.595,24.628
15.193,8.1719,13.803,29.845
8.7071,5.9697,7.1939,19.779
13.05,10.043,10.698,31.774
11.835,6.813,10.743,23.212
11.221,6.3514,10.073,22.534
11.689,6.6205,10.289,23.554
10.775,5.6825,9.628,21.559
13.048,7.9999,11.633,26.514
10.352,5.6997,9.1569,20.775
9.2872,4.635,8.6945,17.821
10.519,6.1614,9.186,22.503
12.443,5.8039,11.949,22.412
12.976,7.4786,11.298,26.401
12.053,6.6147,10.878,24.708
11.58,6.19,10.459,23.092
11.414,6.0944,10.349,21.986
10.989,6.9726,9.3326,24.099
12.245,5.752,11.086,23.301
12.417,8.8658,10.478,28.62
11.362,6.3906,10.017,24.212
10.558,5.5794,9.6889,21.145
9.7998,6.3701,8.1895,21.985
11.622,5.9699,10.443,22.722
11.759,7.0126,10.581,24.932
15.116,7.8395,13.704,30.39
13.495,7.2014,12.16,27.503
11.733,6.6444,10.496,23.225
10.825,4.9502,10.221,19.447
11.698,6.1026,10.434,22.665
10.087,5.7544,8.8418,21.67
11.619,6.3342,10.636,23.096
10.821,5.0541,9.9007,19.656
10.547,5.1748,9.6444,20.235
12.743,8.5119,11.125,28.477
12.903,6.9297,11.626,25.899
11.38,6.7104,10.035,24.409
10.273,6.0525,9.0632,21.665
14.77,8.4654,13.128,32.665
10.692,5.3539,9.8511,19.949
11.518,5.7101,10.449,22.011
10.661,5.0621,9.7183,19.388
10.981,7.2103,9.5582,24.014
11.702,6.7884,10.441,24.777
13.95,8.1385,12.473,28.592
11.26,5.0992,10.441,20.538
14.405,10.119,11.881,35.986
13.624,8.073,12.304,28.964
15.72,8.238,14.407,31.828
12.283,7.0338,10.839,26.311
11.188,7.8179,9.3393,26.269
11.303,5.8745,10.098,22.432
11.064,5.8496,10.14,22.259
9.451,5.0804,8.4667,19.319
11.523,6.3191,10.228,23.339
10.183,5.5987,9.0539,21.035
10.769,5.7738,9.4766,21.982
12.959,7.1384,11.649,25.948
12.264,6.8078,10.871,25.477
9.6192,4.9349,8.8804,19.002
11.081,5.5291,10.141,21.886
12.552,5.8646,11.65,23.06
13.345,6.9881,12.237,26.551
13.733,7.8508,12.2,29.082
13.5,8.4235,12.325,28.51
10.437,5.8188,9.3602,21.858
11.767,6.6371,10.648,23.85
10.985,6.9634,9.5852,24.029
11.81,6.0461,10.86,23.225
11.238,5.8838,10.46,21.73
10.616,6.5426,9.4149,22.001
11.77,6.1731,11.023,23.332
12.273,8.3091,10.123,26.942
11.681,6.9782,10.289,25.012
11.86,6.9225,10.664,25.462
11.1,6.7803,9.6703,24.004
11.062,4.6046,10.576,19.663
13.304,8.1627,11.7,28.6
13.52,7.2338,12.488,27.964
11.079,7.1547,9.2465,24.21
10.243,5.7568,9.0842,21.875
14.614,9.2305,12.566,33.57
10.461,5.7482,9.3359,21.333
11.523,6.5723,10.59,23.987
10.703,5.5602,9.9015,21.724
11.083,5.7219,10.152,21.081
11.787,7.1531,10.436,24.884
12.04,6.2019,10.735,22.47
12.954,7.2481,11.362,26.333
12.446,6.7853,11.194,24.851
10.85,6.111,9.7865,22.173
11.498,6.002,10.376,22.843
11.376,6.6052,10.047,24.165
12.149,6.5726,10.756,24.602
12.816,7.1364,11.57,26.876
12.923,5.8957,12.233,23.375
10.384,5.8141,9.1854,21.706
11.276,6.4881,9.9877,23.429
15.984,7.8231,14.737,31.108
16.409,9.4342,14.461,34.214
12.126,6.6618,10.731,24.573
11.211,6.0147,10.103,23.215
11.496,6.6335,10.261,24.1
9.8156,5.5534,8.7309,21.088
8.1315,4.1597,7.4263,16.095
12.875,6.7315,11.43,25.603
13.98,9.0183,12.26,30.34
11.697,6.1876,10.59,23.353
11.677,6.5226,11.031,24.58
11.813,6.957,10.552,24.567
9.1901,4.8923,8.3577,18.659
12.03,5.376,11.359,21.747
15.724,9.776,14.252,33.893
12.358,7.3567,11.033,26.716
14.061,7.6012,12.892,28.067
9.7449,5.7384,8.5529,20.006
13.299,7.3746,11.467,27.257
12.006,6.4643,10.699,24.931
10.486,6.0387,9.1773,22.547
12.641,6.4862,11.408,25.397
14.442,8.3047,12.519,29.757
13.059,8.0901,11.227,27.852
12.652,7.1239,11.413,26.336
13.092,7.3656,11.422,26.177
9.6849,6.3648,8.0361,21.934
11.306,7.6638,9.8317,25.913
9.9143,5.9635,8.8431,21.171
13.925,6.5869,12.769,25.468
10.311,7.1646,8.4214,24.031
11.852,7.087,10.328,25.786
12.316,6.3558,11.309,24.199
13.301,7.2952,11.694,27.296
11.545,6.3686,10.326,24.178
12.03,6.0514,11.092,23.186
11.701,6.2541,10.695,22.873
10.875,5.7259,9.866,21.145
12.619,7.4104,11.572,26.419
13.418,8.3032,11.107,29.012
13.047,7.7992,11.573,28.256
12.168,7.8112,10.563,28.354
12.413,6.6867,11.237,24.92
10.302,5.3234,9.0696,20.446
13.33,8.7678,11.672,30.484
11.676,5.9341,10.311,22.613
11.429,5.634,10.485,21.468
11.519,5.4602,10.396,22.141
11.312,6.1012,10.26,22.736
12.204,7.3688,10.538,25.766
12.436,6.7741,11.215,25.417
12.211,6.9365,10.703,25.808
10.927,6.9598,9.4628,23.452
12.626,7.2397,11.193,26.457
11.976,6.5176,11.332,23.736
14.872,8.7426,13.269,30.157
10.651,5.4936,9.5763,20.133
9.5928,5.8262,8.4903,19.334
10.119,5.711,9.1424,20.998
12.27,6.6531,11.056,25.342
12.042,6.7935,10.473,24.214
12.046,6.3924,11.001,25.026
9.3148,4.8966,8.5545,17.834
9.3417,4.4633,8.2535,17.302
10.983,6.462,9.4426,23.485
10.773,4.697,9.9964,19.229
12.904,7.3786,11.578,25.953
10.099,5.951,8.7872,20.752
11.408,8.1663,9.5073,26.734
13.445,8.453,11.577,29.116
11.506,6.8166,10.258,25.368
13.913,8.6348,11.909,30.229
9.9137,4.2591,9.2701,17.804
12.572,7.2148,11.69,25.782
11.187,6.8506,9.2143,24.002
11.116,6.779,9.8329,22.929
10.412,5.0694,9.778,19.744
15.027,9.7559,13.027,35.044
11.347,7.3446,9.7244,25.513
10.047,4.2108,9.6955,17.432
10.098,6.6721,8.7615,22.887
10.703,6.4558,9.4461,22.587
10.471,4.9798,9.4504,19.756
10.967,6.0134,9.6806,23.049
13.389,7.6077,12.12,28.28
11.4,6.2337,10.085,23.341
10.733,4.9765,10.303,19.612
11.229,5.5521,10.264,20.935
11.221,5.7521,10.422,22.29
12.673,6.2953,11.556,25.414
10.488,5.8994,9.1493,21.274
11.494,6.9267,10.344,24.315
10.074,5.3244,9.2014,20.88
9.652,5.6842,8.6087,20.412
13.531,8.5659,11.422,30.291
10.148,6.6179,8.7546,22.148
11.386,6.8807,9.8285,24.404
10.697,6.1028,9.5469,22.611
11.525,5.4867,10.812,21.814
14.238,8.0096,12.796,30.526
13.24,6.4383,12.111,25.383
10.423,5.9679,9.2835,21.029
13.242,7.8971,11.301,28.384
12.528,7.3006,11.72,25.636
11.655,6.3518,10.304,23.859
11.85,6.8325,10.467,25.203
11.49,6.5608,10.296,23.735
10.174,6.2675,9.0466,21.804
12.223,6.3574,11.101,24.478
10.751,5.9459,9.5295,22.042
10.026,6.3146,8.7688,21.519
9.1759,5.1107,8.0371,18.674
10.728,6.7172,9.2359,23.158
11.258,6.4249,10.045,23.851
9.7817,5.8204,8.8572,20.708
10.98,5.9173,9.8992,23.021
12.116,6.5696,11.072,24.906
12.406,7.166,11.187,25.71
13.423,8.1744,11.569,28.986
13.267,7.8795,11.721,27.101
12.4,6.9319,11.044,26.425
12.783,7.1128,11.523,26.254
12.483,5.5544,11.616,23.025
14.505,7.1744,13.031,28.91
13.059,7.1797,12.226,25.953
10.338,6.4925,8.9511,23.973
11.968,6.8948,10.43,24.262
11.713,6.0612,10.585,23.48
9.9011,6.0687,8.673,21.643
10.192,6.1679,8.8281,22.321
14.305,7.8593,12.815,29.965
12.485,7.1414,11.216,25.899
12.853,6.7267,11.449,24.853
12.21,6.5141,11.095,23.305
9.56,5.4935,8.6741,19.739
12.427,6.8065,11.52,25.555
12.997,7.8737,11.568,27.34
12.278,7.007,11.043,26.199
10.736,6.4001,9.3604,22.544
12.879,6.4576,11.861,24.499
11.267,6.379,9.7333,23.249
11.889,7.002,10.732,24.329
10.975,5.8075,10.192,22.603
10.989,5.7395,10.013,21.641
10.105,4.8526,9.2369,19.148
11.877,5.7927,10.653,23.151
11.615,5.7357,10.886,22.537
11.238,7.3806,9.6644,25.33
11.355,6.6425,9.8482,24.242
10.636,4.9274,9.8699,19.556
13.933,8.7979,12.214,31.342
9.632,6.9743,8.2332,22.082
12.708,9.1679,10.838,32.01
10.36,5.0592,9.4554,19.736
13.761,9.4183,11.902,31.511
11.156,6.1926,9.8429,22.624
11.242,5.6648,10.207,22.323
11.242,5.1841,10.584,21.402
10.825,5.7114,9.8329,21.867
12.496,6.6011,11.005,25.666
11.984,6.0496,11.024,23.474
11.686,6.7419,10.458,24.345
11.484,6.2438,10.155,23.882
10.627,6.2366,9.2557,22.813
12.227,7.6817,10.722,28.217
12.494,6.5289,11.516,24.144
12.308,7.9926,10.406,27.543
12.098,6.164,11.132,24.1
10.816,4.9778,10.227,20.366
11.498,6.1863,10.402,23.306
13.845,6.3876,12.717,25.632
12.985,8.1679,11.374,29.509
12.495,7.931,10.922,28.917
13.657,7.3351,12.456,26.544
14.298,9.2454,12.358,34.019
12.314,6.731,11.418,23.6
11.127,7.0634,9.5922,23.683
13.089,6.7368,11.922,25.079
12.194,6.321,11.107,23.737
12.009,6.2895,10.83,24.38
9.6426,5.2663,8.6106,19.408
10.963,5.9719,9.9391,22.304
12.118,6.726,10.687,24.422
13.98,7.8724,12.591,29.145
12.344,8.7302,10.204,29.331
13.907,6.4354,12.932,25.865
8.9364,5.1506,7.8969,18.481
13.22,6.7893,11.798,25.045
10.448,5.713,9.351,20.921
12.593,7.3716,11.076,25.548
14.837,11.587,12.047,36.046
12.239,7.3797,10.849,26.336
15.057,8.3383,13.49,30.89
9.3905,5.0984,8.7497,19.817
9.2649,5.0574,8.4078,18.032
10.983,4.8369,10.153,20.286
12.36,7.4016,11.085,25.748
10.992,6.601,9.4279,24.343
13.176,7.7174,11.841,27.368
11.991,6.6527,10.531,24.792
12.206,6.4946,11.039,23.753
10.663,6.1983,9.9139,21.441
12.739,7.8457,11.02,27.848
11.655,6.1986,10.53,23.463
11.007,6.1227,9.6361,22.986
12.465,7.1061,11.072,26.404
12.359,6.0505,11.559,24.616
10.806,5.918,9.6215,22.06
12.671,7.3685,11.224,26.925
12.034,7.6785,10.33,26.608
11.299,6.1028,9.8713,23.015
11.49,6.5624,10.476,23.534
9.5687,5.1816,8.8366,19.892
10.745,5.7205,9.6645,21.938
12.002,6.2819,10.994,24.737
11.574,6.8499,10.028,25.624
11.134,5.9114,10.455,21.916
12.498,5.9146,11.324,23.667
15.372,10.129,13.171,33.047
15.02,8.2528,14.043,29.97
14.266,7.9278,12.87,28.113
12.139,5.9016,11.291,23.347
13.279,9.8396,10.761,33.087
11.66,5.4947,10.961,22.356
11.232,5.7858,10.087,22.51
10.607,6.5723,8.927,24.647
14.787,9.5462,12.734,32.964
10.679,6.1574,9.8501,22.378
11.019,5.9543,9.8669,22.722
11.189,6.0299,10.36,21.584
13.296,7.4285,12.1,26.177
12.368,7.4506,11.073,24.558
12.046,6.5037,10.678,24.546
13.862,8.388,12.292,30.092
13.153,8.5059,11.231,29.554
12.454,6.942,11.141,26.485
11.393,5.7836,10.568,21.773
12.03,6.5049,10.699,23.65
13.41,7.0615,12.01,26.552
9.8251,5.8159,8.3581,21.454
12.932,6.6598,12.211,25.489
13.945,7.2867,12.59,28.058
9.4955,5.879,8.0968,20.635
11.835,6.0136,10.941,23.133
12.497,6.9403,11.482,24.879
11.846,6.4078,10.682,24.275
11.923,7.124,10.177,25.623
12.728,6.9779,11.395,26.514
10.987,7.0544,9.3102,25.122
13.662,8.8141,11.712,29.63
9.1958,5.4789,7.9053,19.31
12.451,6.754,11.232,25.38
8.7546,4.8943,7.9942,17.91
12.425,6.8195,11.109,25.471
13.398,6.8363,12.152,25.569
13.065,8.417,10.594,29.55
12.358,7.6628,10.947,27.365
13.382,7.082,12.38,26.256
11.826,6.715,10.396,24.092
11.513,6.2762,10.253,22.981
11.203,6.0441,10.415,21.937
12.202,5.0907,11.479,20.351
14.215,6.5752,12.795,26.495
8.7645,6.0014,7.5911,20.061
10.233,6.7487,8.8413,23.336
9.8819,6.5452,8.4141,22.601
14.504,7.6819,13.281,27.557
12.027,5.9941,11.063,22.983
11.317,5.9814,10.423,22.563
12.802,5.9737,12.25,23.597
12.98,9.8401,10.655,32.478
11.969,6.4378,10.737,23.406
11.562,6.9238,10.292,24.53
11.255,6.4537,10.071,24.249
12.161,5.9602,11.129,23.235
10.179,6.2957,8.8809,21.605
11.25,5.6702,10.196,22.241
12.806,5.9494,11.685,24.761
9.962,5.6593,8.9025,20.613
12.157,6.9384,10.682,24.504
12.304,7.7022,10.775,25.751
11.432,5.9471,10.416,23.724
11.69,5.6637,10.912,21.819
12.342,7.0891,10.991,25.566
10.484,7.5472,8.4851,27.494
11.79,6.7727,10.254,24.504
12.884,8.1007,11.113,28.393
12.501,7.8926,11.137,26.335
9.5447,5.811,8.5544,20.682
14.342,6.91,13.434,27.356
15.09,9.7601,13.082,32.344
13.977,8.9776,11.751,32.117
9.9131,6.9887,8.1421,24.295
10.635,5.7565,9.6137,20.691
10.697,6.4944,9.7352,22.994
10.772,5.4724,9.6168,20.825
10.715,5.8482,9.4843,21.942
11.43,6.043,10.592,22.931
12.276,6.383,11.291,24.606
10.949,6.2891,9.8305,23.767
12.701,7.4649,11.468,26.247
12.786,6.5103,11.796,25.535
11.882,6.6805,10.538,24.063
10.537,5.1307,9.7517,20.171
10.526,5.5179,9.4335,20.902
10.738,5.4776,10.136,20.407
12.037,6.4644,10.71,23.544
12.085,8.8711,10.181,30.095
13.617,7.2172,12.29,28.099
12.593,7.4458,11.44,26.527
11.612,5.0534,10.732,20.961
13.71,7.1134,12.255,26.64
11.784,6.9357,10.518,25.743
12.458,7.6735,11.238,25.609
10.936,5.7345,10.091,21.993
10.81,6.3394,9.4554,22.323
11.825,6.9355,10.453,24.705
11.642,5.7824,10.623,22.591
11.386,6.6986,10.27,23.745
11.435,7.58,9.8132,24.759
12.668,8.0062,11.191,29.214
11.79,7.2895,10.339,25.022
10.881,5.3715,9.9009,20.734
13.147,6.2994,12.063,24.404
11.993,7.8915,10.614,27.578
11.866,7.0109,10.15,25.991
9.1106,5.8854,8.1214,20.808
12.345,6.763,11.357,24.688
12.099,6.2762,11.01,23.104
13.225,7.5943,11.682,28.337
11.474,6.7381,10.342,24.373
11.372,5.4967,10.637,21.773
10.807,6.1552,9.4384,22.602
17.408,10.47,15.784,36.486
11.207,6.1826,9.9896,22.613
12.408,5.8783,11.641,23.056
12.911,6.9888,11.226,26.199
10.04,4.5135,9.3299,19.338
11.787,7.171,10.137,25.644
10.871,7.309,9.1781,24.854
10.99,6.2496,9.9291,23.287
10.062,5.2839,8.9971,20.004
12.046,5.5836,11.261,22.489
11.11,5.1106,10.197,20.786
12.595,7.2732,11.499,28.041
11.289,5.3877,10.727,21.61
9.4528,4.6388,8.8079,18.615
15.938,10.135,13.638,34.974
9.0937,4.8804,8.3242,18.147
15.204,8.4508,13.256,31.011
10.641,5.3303,10.009,20.264
11.27,6.1949,10.172,22.013
11.432,6.8954,10.143,24.531
11.938,6.1659,10.869,24.598
10.921,5.3715,10.143,21.28
12.841,6.0644,11.995,24.669
12.013,7.3055,10.236,25.607
12.586,6.6348,11.623,24.941
13.101,7.4265,11.409,27.751
9.2089,5.2659,8.3002,19.701
15.095,7.9503,13.71,29.75
13.947,6.9022,12.58,27.414
13.074,6.3671,12.144,24.765
10.113,6.099,9.0189,21.959
11.31,8.5103,9.0374,27.406
10.558,5.827,9.5033,20.31
10.991,6.961,9.5743,24.908
9.0216,5.9547,7.6828,20.016
12.393,7.1304,10.93,26.079
12.624,6.4524,11.572,24.236
9.7979,4.9529,9.0882,19.604
11.924,6.6073,10.861,24.155
11.443,5.3445,10.54,21.075
12.932,8.0689,11.456,27.416
11.356,6.1975,10.094,22.337
12.595,6.8739,11.109,26.035
12.583,6.8631,11.407,25.002
10.186,5.2965,9.0356,20.765
12.061,5.8425,11.327,23.506
10.795,6.3074,9.1589,22.523
13.003,7.1391,11.913,26.009
12.767,6.3241,11.691,25.094
12.837,7.0229,11.527,25.898
11.902,8.3312,9.9518,29.933
12.403,7.6865,11.063,27.274
11.868,7.017,10.561,25.402
11.112,5.2564,10.314,21.025
13.477,6.2083,12.607,26.009
10.697,5.8514,9.685,21.519
12.123,7.0565,10.702,25.307
12.118,7.3623,10.28,26.317
13.229,7.3443,11.701,27.024
10.409,5.6451,9.0881,21.348
14.605,7.9525,13.37,28.976
14.06,7.6719,12.724,28.114
10.079,6.1183,8.65,23.189
12.74,6.9054,11.601,25.795
10.271,5.9411,9.0588,21.254
9.9697,5.4545,8.7352,20.419
10.088,5.6903,9.0005,20.819
13.968,7.6953,12.178,29.229
10.049,6.4448,8.7297,22.094
13.471,6.3703,12.514,25.04
8.8852,5.6385,7.9191,19.59
9.2868,5.7248,8.0616,20.678
11.866,7.051,10.489,24.9
11.51,7.3467,9.7663,25.892
13.549,7.6831,12.19,27.535
12.937,7.3834,11.103,27.44
10.793,5.969,9.6789,22.896
10.359,6.2476,9.3298,21.678
12.449,6.3097,11.365,23.975
10.256,5.3975,9.0868,20.564
13.084,7.0973,11.817,26.56
10.98,6.2601,9.6976,22.582
10.516,6.2886,9.045,23.811
11.259,6.0838,10.303,22.977
10.489,6.1302,9.4987,22.859
11.264,6.3324,10.203,23.907
10.319,5.6339,9.032,20.638
10.879,6.2789,9.6784,22.345
9.2544,4.909,8.3827,18.673
8.8356,4.8282,7.926,18.178
9.7868,5.6643,8.6386,20.517
10.371,7.3858,8.3637,23.731
15.274,10.771,12.663,36.242
12.344,6.5155,11.189,24.309
11.445,6.5789,10.204,24.314
11.648,7.035,10.243,24.826
11.552,5.6099,10.648,23.36
12.259,6.4754,11.274,24.907
13.022,6.7791,11.534,25.596
12.554,8.9384,10.552,29.897
10.123,5.1223,9.3321,18.974
11.01,5.7706,10.072,21.964
11.314,6.9533,9.6926,24.754
11.316,5.4786,10.324,21.507
12.715,6.7952,11.476,25.532
13.416,8.2311,11.124,29.924
11.544,6.4565,10.299,23.115
10.872,6.3058,9.638,23.281
11.234,5.7224,10.164,22.003
11.998,6.3055,10.846,23.998
10.816,6.9576,9.3063,24.101
11.509,8.7913,9.2826,28.64
10.496,6.2912,8.9075,22.222
12.228,9.8181,9.6704,31.278
9.9817,5.1473,9.1758,19.098
11.951,6.8355,10.355,25.493
14.501,9.7487,12.795,32.199
13.298,7.6759,11.598,27.093
11.541,7.5175,10.046,26.423
12.362,7.4061,10.92,24.942
14.379,8.2146,12.961,29.494
11.071,6.0806,9.969,22.001
12.595,6.5098,11.428,25.629
11.059,6.0621,9.957,22.11
11.393,6.6188,10.06,24.767
13.197,6.3528,12.196,25.691
10.025,5.4438,9.147,20.814
11.555,6.5934,10.005,23.359
10.84,4.9194,10.274,19.972
9.9093,6.5358,8.5815,23.948
11.369,6.2671,9.8349,22.843
10.036,5.3215,9.1132,20.433
9.6032,4.8653,8.8042,19.271
11.109,5.9684,10.303,21.891
15.361,6.9682,14.626,27.908
12.257,6.4165,11.217,23.983
13.395,6.5828,12.339,24.71
10.318,5.3658,9.6354,20.153
11.915,7.6346,10.449,25.108
13.27,8.5822,11.734,29.629
11.658,6.664,10.29,23.386
12.137,6.8802,10.641,25.755
10.797,5.3056,10.034,20.991
9.7606,5.4951,8.7904,19.695
8.766,4.6498,7.9339,17.773
16.493,9.8533,13.995,35.782
13.663,7.9309,11.924,28.849
12.155,6.2725,10.851,23.99
9.6641,7.586,7.6696,24.791
9.4443,4.7582,8.6302,17.997
11.566,5.7278,10.612,21.728
11.178,6.6886,9.6436,23.183
11.103,6.1572,9.8142,22.356
10.833,6.5432,9.6146,22.729
13.04,7.5905,11.184,27.671
12.697,7.7949,11.165,27.217
10.895,5.9534,9.8581,22.25
9.6615,6.1591,8.6344,20.318
10.738,5.4901,9.5948,21.192
13.41,7.0696,12.375,25.354
11.509,6.3427,10.496,24.864
13.452,7.8201,12.071,27.898
11.331,6.6068,9.9656,23.864
13.407,7.2852,11.987,26.234
11.092,5.8818,9.9848,22.253
11.366,7.2127,9.8606,24.037
12.113,7.0522,10.773,24.55
14.021,7.6504,12.487,28.427
12.366,6.8665,11.014,24.905
11.978,6.3015,10.959,24.096
11.38,6.2509,10.272,23.34
13.865,7.9253,12.476,27.93
11.045,5.6537,10.275,21.564
11.178,6.6307,9.8713,24.001
12.581,6.4778,11.497,24.286
13.766,7.2487,12.412,27.794
10.732,4.6315,10.16,18.942
12.427,6.5845,11.581,23.84
12.035,7.5835,10.464,26.213
12.351,6.9585,11.181,25.604
11.431,5.7766,10.4,21.95
11.365,7.8939,9.8321,26.247
11.104,7.3739,9.489,25.328
13.82,8.0598,12.258,27.994
9.5701,5.5374,8.6293,20.947
14.365,7.6993,13.086,29.037
12.546,7.7426,11.339,27.447
12.106,5.7023,11.082,22.533
10.323,7.475,8.5,25.671
13.504,7.547,12.212,27.071
10.393,4.8089,9.9705,18.606
12.736,8.8437,10.716,28.025
13.076,5.6403,12.023,24.268
11.965,5.8092,10.777,22.033
12.34,5.6459,11.501,22.788
10.277,5.3165,9.2271,20.496
10.231,5.3725,9.4406,20.49
9.9413,4.6398,9.3494,18.76
10.268,5.4308,9.634,20.74
11.226,6.4855,10.013,23.818
12.13,7.5291,10.81,27.615
12.005,5.6267,11.25,22.058
11.273,6.4919,9.9728,23.58
12.723,7.2511,11.146,25.841
13.048,7.4873,11.491,27.798
11.824,5.6294,10.883,21.843
11.843,5.3593,10.991,21.42
12.78,7.6693,11.496,26.295
10.515,6.3763,9.4804,23.367
11.878,6.3703,10.737,24.694
11.019,6.8266,9.5554,22.499
11.61,5.6752,10.565,22.691
10.106,7.9841,8.0179,25.817
12.092,9.2038,9.6227,29.789
12.006,6.89,10.656,24.773
11.063,6.6938,9.4519,24.25
8.9963,5.4861,7.637,19.082
12.769,7.5404,11.397,24.235
11.523,5.8775,10.754,21.859
12.548,7.6425,11.157,26.261
12.378,8.4844,10.604,27.292
12.94,7.9811,11.362,27.495
10.675,5.5512,9.9489,20.997
12.27,6.2821,11.572,23.739
12.079,7.2349,10.436,26.21
11.867,7.1071,10.485,24.72
14.752,8.11,13.424,27.749
13.267,7.2588,11.941,26.843
10.028,6.0288,8.9215,21.813
10.269,5.4227,9.6185,20.638
10.714,6.0475,9.445,22.416
10.103,5.3212,9.2785,20.719
9.0531,5.7189,7.5238,21.026
11.157,5.5818,10.021,22.068
12.5,6.7011,11.096,25.464
13.602,8.3114,12.055,29.561
13.662,10.204,11.238,32.485
10.315,6.1869,8.8323,22.757
14.203,8.0766,12.514,29.225
10.21,6.7459,8.8144,21.029
13.244,7.1656,12.352,26.405
11.518,6.5968,10.367,24.211
11.324,6.0399,10.381,22.256
10.924,5.8323,9.7785,21.087
10.946,7.3111,9.484,25.709
11.991,6.8945,10.718,25.588
11.748,6.067,11.097,22.45
12.474,7.6834,10.889,26.616
13.314,6.8197,12.069,25.953
13.028,7.7006,11.999,28.403
12.288,6.6075,10.995,25.377
10.832,4.9406,10.395,20.373
11.057,5.9671,9.9892,22.26
11.2,6.3521,10.196,22.539
11.384,8.0713,9.1402,28.197
12.585,5.9691,11.723,23.289
10.774,6.0188,9.4134,21.586
11.19,5.0635,10.102,20.654
11.972,8.3982,10.072,29.745
12.42,6.7629,11.139,24.85
11.913,6.0268,10.922,23.163
9.8539,5.6909,8.6405,20.854
13.908,7.1917,12.795,26.535
8.878,5.2864,7.5724,18.965
10.765,6.6297,9.2287,23.494
14.068,7.724,12.688,28.487
15.719,8.2555,14.051,31.997
11.909,5.3069,11.223,21.736
10.494,5.7463,9.4653,20.563
12.846,6.658,11.898,25.462
14.133,8.1594,12.866,27.899
12.095,7.0083,10.882,25.264
12.434,6.91,11.158,24.766
9.7305,5.0904,8.9049,19.459
9.601,5.1461,8.6408,18.955
11.932,5.4032,11.235,21.506
9.5072,6.1363,7.9444,21.385
9.7899,4.3518,9.3683,17.778
13.033,8.2458,11.119,27.661
12.318,5.9408,11.649,22.598
11.024,5.6647,10.124,22.001
12.402,8.5026,10.433,27.739
13.422,6.7422,12.298,26.492
11.538,5.9961,10.425,21.894
10.158,5.9215,8.9968,20.516
12.998,6.9952,11.709,26.473
15.87,11.496,13.187,36.732
11.247,5.797,10.133,21.805
12.018,7.1715,10.845,26.735
13.086,7.7836,11.98,28.072
10.034,5.3985,9.0815,20.359
11.545,5.7196,10.693,22.367
12.758,6.7377,11.79,25.991
10.695,4.8653,9.8557,20.238
10.417,6.0251,9.467,21.691
11.617,6.7842,10.45,25.285
11.374,6.0205,10.391,23.163
9.4982,7.3738,7.9197,24.423
11.39,5.9821,10.074,24.108
9.9793,5.468,9.2255,19.315
14.868,8.4175,13.098,29.967
12.836,5.9907,12.231,24.148
13.122,6.5544,11.635,25.235
11.555,5.9248,10.485,22.347
13.298,8.6772,11.281,28.155
15.534,10.054,13.773,34.714
10.845,5.7337,9.8348,21.029
10.595,6.272,9.6044,22.179
13.056,8.5592,11.668,30.047
12.704,9.0568,10.626,30.888
13.314,8.5304,11.179,28.914
13.786,7.8586,12.048,28.608
11.695,6.7648,10.554,23.829
11.354,6.3096,10.409,22.461
11.703,6.9529,10.5,23.928
11.166,6.7065,10.166,24.791
10.167,6.8067,8.6737,22.402
12.055,6.3437,10.795,23.849
11.53,6.1424,10.694,21.91
11.454,6.5856,10.342,24.691
13.127,7.1866,11.831,27.234
10.505,5.6054,9.2573,21.436
12.4,7.8769,10.583,27.152
9.4128,4.9362,8.6546,17.668
15.06,8.0323,13.525,30.084
12.427,7.9592,11.137,28.114
13.873,7.727,12.348,28.772
11.804,7.3213,10.496,25.355
12.97,6.2539,12.046,24.033
11.124,5.9904,9.7734,22.785
11.389,6.8236,10.075,23.596
12.046,7.539,10.63,25.437
12.471,8.1819,11.034,27.241
11.38,6.8012,9.9208,23.799
11.766,7.2845,10.311,25.072
13.88,8.2105,11.99,30.496
9.2769,6.0374,7.9478,22.035
12.825,6.9834,11.447,26.229
12.501,5.8665,11.65,23.311
11.669,6.3233,10.676,24.373
13.384,7.2141,12.449,26.579
13.392,5.7369,12.388,25.243
9.9928,5.2645,8.83,19.573
12.662,7.3512,11.108,27.562
9.9291,5.9173,8.6711,20.451
12.347,6.4741,11.389,24.266
15.508,7.6304,14.179,30.526
13.506,8.2744,11.96,30.138
10.461,6.1513,9.2507,21.594
12.262,6.5083,11.176,23.452
10.094,5.6689,9.2595,20.172
12.673,5.9435,11.899,22.924
10.986,6.9818,9.354,25.254
10.385,6.3849,8.7875,23.321
10.55,5.5072,9.961,21.482
10.907,5.2634,10.112,20.41
14.392,8.0627,12.798,28.145
12.704,6.2407,11.682,24.826
11.916,7.36,10.422,25.61
14.216,9.0702,12.388,32.684
11.631,6.3412,10.337,24.86
13.142,7.5149,12.052,27.75
12.771,5.6602,12.204,24.028
11.985,6.7602,10.77,24.348
13.586,7.8659,11.67,29.324
13.141,7.9605,11.268,29.608
13.279,7.9083,11.645,29.399
13.023,6.6971,11.742,26.198
11.262,6.7356,10.117,23.918
11.913,7.0038,10.589,23.681
11.3,5.5899,10.267,21.218
9.3971,5.4419,8.0364,19.726
12.871,8.1207,11.053,29.161
11.781,7.1243,10.201,26.861
9.7594,5.2669,8.9684,18.685
11.306,6.8605,9.8751,23.737
14.14,7.7666,12.864,29.729
10.741,6.0095,9.4863,22.405
12.245,6.0963,11.529,23.899
9.2158,5.5937,8.1317,20.023
10.794,5.7138,9.9551,20.179
12,5.5693,10.936,22.523
11.52,6.6736,10.105,24.359
11.128,5.8992,9.8646,22.255
11.227,5.5926,10.253,22.083
